escala,filas,consulta,estrategia,primera_s,mediana_s,min_s,max_s,repeticiones,threads,resultado_igual,speedup
1_mes,3765161,b1_conteo_total,parquet,0.004595124999923428,0.0033776249999846186,0.0028392910001002747,0.005783666000070298,5,10,True,29.09638710997785
1_mes,3765161,b1_conteo_total,tabla,0.0004471250001643057,0.00011608399995566288,9.833299986894417e-05,0.00014800000008108327,5,10,True,29.09638710997785
1_mes,3765161,b2_viajes_ingresos_por_mes,parquet,0.013685457999827122,0.013159291999954803,0.011225875000036467,0.019241999999849213,5,10,True,1.1628625348084247
1_mes,3765161,b2_viajes_ingresos_por_mes,tabla,0.01470537500017599,0.011316292000174144,0.010598792000109825,0.014678624999987733,5,10,True,1.1628625348084247
1_mes,3765161,b3_heatmap_hora_dia,parquet,0.1121035840001241,0.11629100000004655,0.11251008300018839,0.1505997080000725,5,10,True,3.678576825317522
1_mes,3765161,b3_heatmap_hora_dia,tabla,0.04601512499993987,0.03161304099990048,0.031140750000076878,0.03272341599995343,5,10,True,3.678576825317522
1_mes,3765161,b4_percentiles_viaje,parquet,0.2973037499998554,0.26478083300003163,0.24629624999988664,0.2734655419999399,5,10,True,1.491604657642985
1_mes,3765161,b4_percentiles_viaje,tabla,0.18811041599997225,0.17751408300000548,0.15281174999995528,0.20148745899996356,5,10,True,1.491604657642985
1_mes,3765161,b5_join_zonas,parquet,0.12926654100010637,0.13112070799979847,0.12875925000003008,0.15015891699999884,5,10,True,4.0677449607268965
1_mes,3765161,b5_join_zonas,tabla,0.05084479099991768,0.03223424999987401,0.031233582999902865,0.03445737500010182,5,10,True,4.0677449607268965
1_mes,3765161,b6_filtro_selectivo,parquet,0.03625541700012036,0.03244916700009526,0.029094083000018145,0.03381079099995077,5,10,True,15.3538948324335
1_mes,3765161,b6_filtro_selectivo,tabla,0.01117500000009386,0.0021134159999292024,0.0020258749998447456,0.0025069999999232095,5,10,True,15.3538948324335
1_mes,3765161,b7_propina_por_pago,parquet,0.1274623750000501,0.1305206670001553,0.12932379199992283,0.1311315000000377,5,10,True,3.615768821346397
1_mes,3765161,b7_propina_por_pago,tabla,0.05670854199979658,0.03609762500013858,0.034588999999868975,0.04472800000007737,5,10,True,3.615768821346397
1_mes,3765161,b8_muchas_columnas,parquet,0.0802691250000862,0.08094654200021978,0.07724704199995358,0.08608125000000655,5,10,True,3.379143677146235
1_mes,3765161,b8_muchas_columnas,tabla,0.05155345799994393,0.02395475000002989,0.022548292000010406,0.02434291600002325,5,10,True,3.379143677146235
1_trimestre,11199059,b1_conteo_total,parquet,0.00705608399994162,0.006207749999930456,0.0058385830000133865,0.007460917000116751,5,10,True,53.228295856439225
1_trimestre,11199059,b1_conteo_total,tabla,0.0006082500001411972,0.000116624999918713,7.42499998978019e-05,0.00013762499997937994,5,10,True,53.228295856439225
1_trimestre,11199059,b2_viajes_ingresos_por_mes,parquet,0.021592291999922963,0.021704500999931042,0.020604917000127898,0.022529999999960637,5,10,True,0.7455282390780765
1_trimestre,11199059,b2_viajes_ingresos_por_mes,tabla,0.03694083400000636,0.029112916000030964,0.02812704100006158,0.029859083000019382,5,10,True,0.7455282390780765
1_trimestre,11199059,b3_heatmap_hora_dia,parquet,0.20602358299993284,0.2111360409999179,0.18874975000017002,0.21751754199999596,5,10,True,2.3422734367605167
1_trimestre,11199059,b3_heatmap_hora_dia,tabla,0.19752775000006295,0.09014150000007248,0.08816462500021771,0.09062425000001895,5,10,True,2.3422734367605167
1_trimestre,11199059,b4_percentiles_viaje,parquet,0.9426308750000771,0.8884864589999779,0.7744718750000175,0.9715857510000205,5,10,True,1.2637001463543862
1_trimestre,11199059,b4_percentiles_viaje,tabla,0.7066950000000816,0.7030832920002013,0.6255044170000019,0.7422034169999279,5,10,True,1.2637001463543862
1_trimestre,11199059,b5_join_zonas,parquet,0.2146111260001362,0.2221415829999387,0.21244433300012133,0.22294574999978067,5,10,True,2.4903636762658343
1_trimestre,11199059,b5_join_zonas,tabla,0.14990320800006884,0.0892004590000397,0.08789266700000553,0.09194849999994403,5,10,True,2.4903636762658343
1_trimestre,11199059,b6_filtro_selectivo,parquet,0.05878320800002257,0.05661470800009738,0.052947958999993716,0.05996300000015253,5,10,True,10.381034999069383
1_trimestre,11199059,b6_filtro_selectivo,tabla,0.04261237500008974,0.0054536669999833975,0.005273375000115266,0.006941708000113067,5,10,True,10.381034999069383
1_trimestre,11199059,b7_propina_por_pago,parquet,0.22775608300003114,0.22524829200006025,0.21204791699983616,0.2488403750000998,5,10,True,2.175208633302993
1_trimestre,11199059,b7_propina_por_pago,tabla,0.15993270799981474,0.10355249999997795,0.0970004579999113,0.10686508399999184,5,10,True,2.175208633302993
1_trimestre,11199059,b8_muchas_columnas,parquet,0.1451348330001565,0.1375668340001539,0.13255437499992695,0.1474129579999044,5,10,True,2.0592334616355883
1_trimestre,11199059,b8_muchas_columnas,tabla,0.13332891699997163,0.06680487499988885,0.06418900000016947,0.06897704200014232,5,10,True,2.0592334616355883
anio_2024,41829938,b1_conteo_total,parquet,0.018575165999891396,0.018599875000063548,0.016561875000206783,0.0194639169999391,5,10,True,126.88971430848177
anio_2024,41829938,b1_conteo_total,tabla,0.001538624999966487,0.00014658300005976344,0.00010795799994411936,0.00016987499998322164,5,10,True,126.88971430848177
anio_2024,41829938,b2_viajes_ingresos_por_mes,parquet,0.08109337499990943,0.06622866599991539,0.06115370800011988,0.06748349999998027,5,10,True,0.8231249245431261
anio_2024,41829938,b2_viajes_ingresos_por_mes,tabla,0.17612787500002014,0.0804600419999133,0.07703712500006077,0.08177029200010111,5,10,True,0.8231249245431261
anio_2024,41829938,b3_heatmap_hora_dia,parquet,0.6923050420000436,0.6330483330000334,0.6086516249999931,0.6591647499999453,5,10,True,1.953037606985765
anio_2024,41829938,b3_heatmap_hora_dia,tabla,1.1818724170000223,0.324135250000154,0.320155375000013,0.33713362500020594,5,10,True,1.953037606985765
anio_2024,41829938,b4_percentiles_viaje,parquet,3.421458752000035,3.2757578759999433,3.2362215850000666,3.601028375999931,5,10,True,1.0673202283260967
anio_2024,41829938,b4_percentiles_viaje,tabla,3.522115877000033,3.069142501999977,2.7942354599999817,3.128580918999887,5,10,True,1.0673202283260967
anio_2024,41829938,b5_join_zonas,parquet,0.7079564170001049,0.6996469169998818,0.6876574590000928,0.7093646260000241,5,10,True,2.1421287419568054
anio_2024,41829938,b5_join_zonas,tabla,1.3042930839999372,0.32661291699992034,0.3226206249998995,0.3560437080000156,5,10,True,2.1421287419568054
anio_2024,41829938,b6_filtro_selectivo,parquet,0.17547279199993682,0.16235108299997592,0.150463875000014,0.1673340410000037,5,10,True,7.707437910405373
anio_2024,41829938,b6_filtro_selectivo,tabla,0.39625599999999395,0.02106420900008743,0.02085775000000467,0.023327999999992244,5,10,True,7.707437910405373
anio_2024,41829938,b7_propina_por_pago,parquet,0.7402642090000882,0.7526882509998813,0.7426601670001673,0.7602042080000047,5,10,True,1.9322545176009382
anio_2024,41829938,b7_propina_por_pago,tabla,1.0652915839998514,0.3895388749999711,0.36668212500012487,0.41365637500007324,5,10,True,1.9322545176009382
anio_2024,41829938,b8_muchas_columnas,parquet,0.4567042499998024,0.4358373750001192,0.424938500999815,0.44062366699995437,5,10,True,1.9153761344515925
anio_2024,41829938,b8_muchas_columnas,tabla,0.7468812089998664,0.22754662500005907,0.21704062499998145,0.2300905000001876,5,10,True,1.9153761344515925
todos,71870407,b1_conteo_total,parquet,0.03729929200017068,0.03450050000014926,0.034238999999843145,0.036291208000193365,5,10,True,198.8501440087882
todos,71870407,b1_conteo_total,tabla,0.0031167499998900894,0.00017350000007354538,0.0001448750001600274,0.0002227909999419353,5,10,True,198.8501440087882
todos,71870407,b2_viajes_ingresos_por_mes,parquet,0.13176054199993814,0.11166654099997686,0.11124908299984781,0.11697479200006455,5,10,True,0.805423323328897
todos,71870407,b2_viajes_ingresos_por_mes,tabla,0.3534041249999973,0.13864329200009706,0.13276749999999993,0.14796645799992802,5,10,True,0.805423323328897
todos,71870407,b3_heatmap_hora_dia,parquet,1.1821099589999449,1.1641294999999445,1.1627067919998808,1.1997335839998868,5,10,True,1.8631878915720885
todos,71870407,b3_heatmap_hora_dia,tabla,2.5436754180000207,0.6248052089999874,0.5883280000000468,0.6671014589999231,5,10,True,1.8631878915720885
todos,71870407,b4_percentiles_viaje,parquet,5.439754334999861,4.977698836000172,4.760390251999979,5.168582627999967,5,10,True,1.1150517054516424
todos,71870407,b4_percentiles_viaje,tabla,6.993682377999903,4.4640968769999745,3.906983627000045,4.725418626999954,5,10,True,1.1150517054516424
todos,71870407,b5_join_zonas,parquet,1.6053208759999507,1.5779109590000644,1.5505977920001897,1.696515042000101,5,10,True,2.036230790346182
todos,71870407,b5_join_zonas,tabla,2.908700252000017,0.7749175420001393,0.748325917000102,0.811646582999856,5,10,True,2.036230790346182
todos,71870407,b6_filtro_selectivo,parquet,0.35828816699995514,0.32418458400002237,0.32055162500000733,0.3257627909999883,5,10,True,10.92367331884405
todos,71870407,b6_filtro_selectivo,tabla,1.0232766670001183,0.029677249999849664,0.02733162499998798,0.03434074999995573,5,10,True,10.92367331884405
todos,71870407,b7_propina_por_pago,parquet,1.6619766259998414,1.6395567090000895,1.6041995430000497,1.684616958999868,5,10,True,1.8801011606905984
todos,71870407,b7_propina_por_pago,tabla,2.447515668000051,0.8720577080000567,0.8445990840000377,0.9204682499998853,5,10,True,1.8801011606905984
todos,71870407,b8_muchas_columnas,parquet,0.9418228329998328,0.9662467509999715,0.9394729170001028,0.9809651670000221,5,10,True,1.6418858587838119
todos,71870407,b8_muchas_columnas,tabla,1.9721404180002082,0.5884981259998767,0.5367823750000298,0.6198452080000152,5,10,True,1.6418858587838119
